{
  "main": {
    "id": "576d1d9c70545fc1",
    "type": "split",
    "children": [
      {
        "id": "8ce744403180c7bf",
        "type": "tabs",
        "children": [
          {
            "id": "ae050c72549d233a",
            "type": "leaf",
            "state": {
              "type": "markdown",
              "state": {
                "file": "5과정/관계 대수.md",
                "mode": "source",
                "source": false
              }
            }
          },
          {
            "id": "5d40ad7464260af0",
            "type": "leaf",
            "state": {
              "type": "markdown",
              "state": {
                "file": "관계 대수의 8대 연산자.md",
                "mode": "source",
                "source": false
              }
            }
          },
          {
            "id": "d08b4c56db4d3f30",
            "type": "leaf",
            "state": {
              "type": "markdown",
              "state": {
                "file": "asdf.md",
                "mode": "source",
                "source": false
              }
            }
          },
          {
            "id": "a33d3dc03dcd0e4b",
            "type": "leaf",
            "state": {
              "type": "markdown",
              "state": {
                "file": "무제 파일.md",
                "mode": "source",
                "source": false
              }
            }
          }
        ],
        "currentTab": 3
      }
    ],
    "direction": "vertical"
  },
  "left": {
    "id": "70b0e9340845460f",
    "type": "split",
    "children": [
      {
        "id": "dc380bb31f7ddd23",
        "type": "tabs",
        "children": [
          {
            "id": "94a7a7120bfd16db",
            "type": "leaf",
            "state": {
              "type": "file-explorer",
              "state": {
                "sortOrder": "byCreatedTime"
              }
            }
          },
          {
            "id": "799a5dbf62e8d2fc",
            "type": "leaf",
            "state": {
              "type": "search",
              "state": {
                "query": "",
                "matchingCase": false,
                "explainSearch": false,
                "collapseAll": false,
                "extraContext": false,
                "sortOrder": "alphabetical"
              }
            }
          },
          {
            "id": "39d271dc37ae8ce8",
            "type": "leaf",
            "state": {
              "type": "bookmarks",
              "state": {}
            }
          }
        ]
      }
    ],
    "direction": "horizontal",
    "width": 300
  },
  "right": {
    "id": "f3bc7ebddfde526b",
    "type": "split",
    "children": [
      {
        "id": "ceb161a1a7a1fee4",
        "type": "tabs",
        "children": [
          {
            "id": "a79827a9ee9c5668",
            "type": "leaf",
            "state": {
              "type": "backlink",
              "state": {
                "file": "무제 파일.md",
                "collapseAll": false,
                "extraContext": false,
                "sortOrder": "alphabetical",
                "showSearch": false,
                "searchQuery": "",
                "backlinkCollapsed": false,
                "unlinkedCollapsed": true
              }
            }
          },
          {
            "id": "f8d488f410f0d0d1",
            "type": "leaf",
            "state": {
              "type": "outgoing-link",
              "state": {
                "file": "무제 파일.md",
                "linksCollapsed": false,
                "unlinkedCollapsed": true
              }
            }
          },
          {
            "id": "a17646586e557905",
            "type": "leaf",
            "state": {
              "type": "tag",
              "state": {
                "sortOrder": "frequency",
                "useHierarchy": true
              }
            }
          },
          {
            "id": "f9cc61bca889299d",
            "type": "leaf",
            "state": {
              "type": "outline",
              "state": {
                "file": "무제 파일.md"
              }
            }
          }
        ]
      }
    ],
    "direction": "horizontal",
    "width": 300,
    "collapsed": true
  },
  "left-ribbon": {
    "hiddenItems": {
      "switcher:퀵 스위처 열기": false,
      "graph:그래프 뷰 열기": false,
      "canvas:새 캔버스 만들기": false,
      "daily-notes:오늘의 데일리 노트 열기": false,
      "templates:템플릿 삽입": false,
      "command-palette:명령어 팔레트 열기": false
    }
  },
  "active": "a33d3dc03dcd0e4b",
  "lastOpenFiles": [
    "asdf.md",
    "무제 파일.md",
    "관계 대수의 8대 연산자.md",
    "5과정/관계 대수.md",
    "1과정/과제.md",
    "5과정",
    "1과정/데이터베이스 시스템 개요.md",
    "1과정",
    "1과정/집합 연산.md",
    "1과정/WHERE.md",
    "1과정/FROM.md",
    "1과정/UNION.md",
    "1과정/INTERSECT.md",
    "1과정/SQL Join.md",
    "1과정/SELECT.md",
    "1과정/SQL.md",
    "1과정/데이터 조작어(DML).md",
    "1과정/데이터 정의어(DDL).md",
    "1과정/객체.md",
    "1과정/트랜잭션 제어어(TCL).md",
    "1과정/데이터 제어어(DCL).md",
    "1과정/스키마(Scheme).md",
    "1과정/데이터 독립성(data Independency).md"
  ]
}