{
  "main": {
    "id": "39107f995f807800",
    "type": "split",
    "children": [
      {
        "id": "04341fab0d195089",
        "type": "tabs",
        "children": [
          {
            "id": "6491b3ce06023adb",
            "type": "leaf",
            "state": {
              "type": "empty",
              "state": {}
            }
          },
          {
            "id": "df1c0efea461c66b",
            "type": "leaf",
            "state": {
              "type": "markdown",
              "state": {
                "file": "try-with-resource.md",
                "mode": "source",
                "source": false
              }
            }
          },
          {
            "id": "4bdbb22bbc40916a",
            "type": "leaf",
            "state": {
              "type": "markdown",
              "state": {
                "file": "Socket.md",
                "mode": "source",
                "source": false
              }
            }
          },
          {
            "id": "2aa9edb1ee7e8d6b",
            "type": "leaf",
            "state": {
              "type": "markdown",
              "state": {
                "file": "웹 클라이언트와 서버의 통신.md",
                "mode": "source",
                "source": false
              }
            }
          },
          {
            "id": "bf8e080f2b3209ac",
            "type": "leaf",
            "state": {
              "type": "markdown",
              "state": {
                "file": "Socket.md",
                "mode": "source",
                "source": false
              }
            }
          },
          {
            "id": "534254689e5c83ac",
            "type": "leaf",
            "state": {
              "type": "markdown",
              "state": {
                "file": "try-with-resource.md",
                "mode": "source",
                "source": false
              }
            }
          }
        ],
        "currentTab": 3
      }
    ],
    "direction": "vertical"
  },
  "left": {
    "id": "6c4c9e88120a5ff0",
    "type": "split",
    "children": [
      {
        "id": "97a0abe9fb2941c8",
        "type": "tabs",
        "children": [
          {
            "id": "a1fd8b86a0105e09",
            "type": "leaf",
            "state": {
              "type": "file-explorer",
              "state": {
                "sortOrder": "alphabetical"
              }
            }
          },
          {
            "id": "f57344675bfd3bfb",
            "type": "leaf",
            "state": {
              "type": "search",
              "state": {
                "query": "",
                "matchingCase": false,
                "explainSearch": false,
                "collapseAll": false,
                "extraContext": false,
                "sortOrder": "alphabetical"
              }
            }
          },
          {
            "id": "c15ee8a728805ca3",
            "type": "leaf",
            "state": {
              "type": "bookmarks",
              "state": {}
            }
          }
        ]
      }
    ],
    "direction": "horizontal",
    "width": 300
  },
  "right": {
    "id": "e3ee9e1e661d4feb",
    "type": "split",
    "children": [
      {
        "id": "0aedc116d6b8e2bd",
        "type": "tabs",
        "children": [
          {
            "id": "00e7b40f6202bafd",
            "type": "leaf",
            "state": {
              "type": "backlink",
              "state": {
                "file": "웹 클라이언트와 서버의 통신.md",
                "collapseAll": false,
                "extraContext": false,
                "sortOrder": "alphabetical",
                "showSearch": false,
                "searchQuery": "",
                "backlinkCollapsed": false,
                "unlinkedCollapsed": true
              }
            }
          },
          {
            "id": "62fe36791bf8b6c9",
            "type": "leaf",
            "state": {
              "type": "outgoing-link",
              "state": {
                "file": "웹 클라이언트와 서버의 통신.md",
                "linksCollapsed": false,
                "unlinkedCollapsed": true
              }
            }
          },
          {
            "id": "2e8fde82bb0f8ad0",
            "type": "leaf",
            "state": {
              "type": "tag",
              "state": {
                "sortOrder": "frequency",
                "useHierarchy": true
              }
            }
          },
          {
            "id": "6210c16b11feeae1",
            "type": "leaf",
            "state": {
              "type": "outline",
              "state": {
                "file": "웹 클라이언트와 서버의 통신.md"
              }
            }
          }
        ]
      }
    ],
    "direction": "horizontal",
    "width": 300,
    "collapsed": true
  },
  "left-ribbon": {
    "hiddenItems": {
      "switcher:퀵 스위처 열기": false,
      "graph:그래프 뷰 열기": false,
      "canvas:새 캔버스 만들기": false,
      "daily-notes:오늘의 데일리 노트 열기": false,
      "templates:템플릿 삽입": false,
      "command-palette:명령어 팔레트 열기": false
    }
  },
  "active": "2aa9edb1ee7e8d6b",
  "lastOpenFiles": [
    "Socket.md",
    "웹 클라이언트와 서버의 통신.md",
    "Socket 통신.md",
    "try-with-resource.md",
    "소켓 종류.md",
    "OSPF.md",
    "IGMP.md",
    "Nmap.md"
  ]
}