{
  "main": {
    "id": "a61a9aa20f325bca",
    "type": "split",
    "children": [
      {
        "id": "c15bc14d4f0cb28f",
        "type": "tabs",
        "children": [
          {
            "id": "1d95c147fb8e64bf",
            "type": "leaf",
            "state": {
              "type": "markdown",
              "state": {
                "file": "Thread-Programming/Sleep().md",
                "mode": "source",
                "source": false
              }
            }
          },
          {
            "id": "a0c0888f1704914f",
            "type": "leaf",
            "state": {
              "type": "markdown",
              "state": {
                "file": "Thread-Programming/Thread 그룹.md",
                "mode": "source",
                "source": false
              }
            }
          }
        ],
        "currentTab": 1
      }
    ],
    "direction": "vertical"
  },
  "left": {
    "id": "444440ec68b40507",
    "type": "split",
    "children": [
      {
        "id": "0b55449fcaac74af",
        "type": "tabs",
        "children": [
          {
            "id": "23e5684007908139",
            "type": "leaf",
            "state": {
              "type": "file-explorer",
              "state": {
                "sortOrder": "alphabetical"
              }
            }
          },
          {
            "id": "a40406543ee7c908",
            "type": "leaf",
            "state": {
              "type": "search",
              "state": {
                "query": "",
                "matchingCase": false,
                "explainSearch": false,
                "collapseAll": false,
                "extraContext": false,
                "sortOrder": "alphabetical"
              }
            }
          },
          {
            "id": "d5667c60f25701e8",
            "type": "leaf",
            "state": {
              "type": "bookmarks",
              "state": {}
            }
          }
        ]
      }
    ],
    "direction": "horizontal",
    "width": 300
  },
  "right": {
    "id": "600bd7218243a0df",
    "type": "split",
    "children": [
      {
        "id": "03b581a740f06488",
        "type": "tabs",
        "children": [
          {
            "id": "0caaf985ca0123ee",
            "type": "leaf",
            "state": {
              "type": "backlink",
              "state": {
                "file": "Thread-Programming/Sleep().md",
                "collapseAll": false,
                "extraContext": false,
                "sortOrder": "alphabetical",
                "showSearch": false,
                "searchQuery": "",
                "backlinkCollapsed": false,
                "unlinkedCollapsed": true
              }
            }
          },
          {
            "id": "412b420bd3480ffc",
            "type": "leaf",
            "state": {
              "type": "outgoing-link",
              "state": {
                "file": "Thread-Programming/Sleep().md",
                "linksCollapsed": false,
                "unlinkedCollapsed": true
              }
            }
          },
          {
            "id": "a6152d0f5c0c7b6c",
            "type": "leaf",
            "state": {
              "type": "tag",
              "state": {
                "sortOrder": "frequency",
                "useHierarchy": true
              }
            }
          },
          {
            "id": "972da25dcd978f47",
            "type": "leaf",
            "state": {
              "type": "outline",
              "state": {
                "file": "Thread-Programming/Sleep().md"
              }
            }
          }
        ]
      }
    ],
    "direction": "horizontal",
    "width": 300,
    "collapsed": true
  },
  "left-ribbon": {
    "hiddenItems": {
      "switcher:퀵 스위처 열기": false,
      "graph:그래프 뷰 열기": false,
      "canvas:새 캔버스 만들기": false,
      "daily-notes:오늘의 데일리 노트 열기": false,
      "templates:템플릿 삽입": false,
      "command-palette:명령어 팔레트 열기": false
    }
  },
  "active": "23e5684007908139",
  "lastOpenFiles": [
    "Thread-Programming/Interrupt().md",
    "Thread-Programming/스레드의 동기화 (synchronization).md",
    "Thread-Programming/Sleep().md",
    "Thread-Programming/Thread 구현과 실행.md",
    "Thread-Programming/Thread.md",
    "Thread-Programming/notify().md",
    "Thread-Programming/main Thread.md",
    "Thread-Programming/무제 파일.md",
    "Thread-Programming/wait().md",
    "Thread-Programming/임계 영역.md",
    "Thread-Programming/yield().md",
    "Thread-Programming/join().md",
    "Thread-Programming/Thread의 실행제어.md",
    "Thread-Programming/Suspend().md",
    "Thread-Programming/스케줄링.md",
    "Thread-Programming/thread_class_extention_Quiz.md",
    "무제 폴더",
    "Thread-Programming/Thread의 우선순위(priority of thread).md",
    "Thread-Programming/Process.md",
    "무제 파일 1.md",
    "Thread-Programming",
    "Thread-Programming/Storage.md"
  ]
}