{
  "main": {
    "id": "7f55b40c2b3187a0",
    "type": "split",
    "children": [
      {
        "id": "a0b97ccc51717d6b",
        "type": "tabs",
        "children": [
          {
            "id": "3a65cbd9c1eb997b",
            "type": "leaf",
            "state": {
              "type": "empty",
              "state": {}
            }
          },
          {
            "id": "501e296c6f40e223",
            "type": "leaf",
            "state": {
              "type": "markdown",
              "state": {
                "file": "The Fetch and Execute Cycle - Machine Language.md",
                "mode": "source",
                "source": false
              }
            }
          },
          {
            "id": "f7a1f6565196fff9",
            "type": "leaf",
            "state": {
              "type": "markdown",
              "state": {
                "file": "The Fetch and Execute Cycle - Machine Language.md",
                "mode": "source",
                "source": false
              }
            }
          },
          {
            "id": "6222d3e34bc24d17",
            "type": "leaf",
            "state": {
              "type": "markdown",
              "state": {
                "file": "CPU.md",
                "mode": "source",
                "source": false
              }
            }
          },
          {
            "id": "91905ad55b9f53d3",
            "type": "leaf",
            "state": {
              "type": "markdown",
              "state": {
                "file": "Getter & Setter.md",
                "mode": "source",
                "source": false
              }
            }
          },
          {
            "id": "1c8058ebe3aa6a5e",
            "type": "leaf",
            "state": {
              "type": "markdown",
              "state": {
                "file": "This.md",
                "mode": "source",
                "source": false
              }
            }
          },
          {
            "id": "0744f34e365aab52",
            "type": "leaf",
            "state": {
              "type": "markdown",
              "state": {
                "file": "생성자 호출.md",
                "mode": "source",
                "source": false
              }
            }
          },
          {
            "id": "e15b7a12eff1b549",
            "type": "leaf",
            "state": {
              "type": "markdown",
              "state": {
                "file": "객체 지향 분석 및 설계.md",
                "mode": "source",
                "source": false
              }
            }
          },
          {
            "id": "52afb4ce4d6aad7b",
            "type": "leaf",
            "state": {
              "type": "markdown",
              "state": {
                "file": "소프트웨어 생명 주기.md",
                "mode": "source",
                "source": false
              }
            }
          },
          {
            "id": "90827b525862a751",
            "type": "leaf",
            "state": {
              "type": "markdown",
              "state": {
                "file": "상속, 다형성, 그리고 추상 클래스.md",
                "mode": "source",
                "source": false
              }
            }
          },
          {
            "id": "88346c8a98cb2873",
            "type": "leaf",
            "state": {
              "type": "markdown",
              "state": {
                "file": "Inheriant.md",
                "mode": "source",
                "source": false
              }
            }
          },
          {
            "id": "ba3838151d6feed8",
            "type": "leaf",
            "state": {
              "type": "markdown",
              "state": {
                "file": "Polymorphism.md",
                "mode": "source",
                "source": false
              }
            }
          },
          {
            "id": "2a9497ad2c925978",
            "type": "leaf",
            "state": {
              "type": "markdown",
              "state": {
                "file": "Polymorphism.md",
                "mode": "source",
                "source": false
              }
            }
          },
          {
            "id": "761340f77adaad5c",
            "type": "leaf",
            "state": {
              "type": "markdown",
              "state": {
                "file": "interface와 abstraction의 차이점.md",
                "mode": "source",
                "source": false
              }
            }
          },
          {
            "id": "04648b917f22383e",
            "type": "leaf",
            "state": {
              "type": "markdown",
              "state": {
                "file": "중첩 클래스.md",
                "mode": "source",
                "source": false
              }
            }
          },
          {
            "id": "69f5e47c3bca9811",
            "type": "leaf",
            "state": {
              "type": "markdown",
              "state": {
                "file": "address.md",
                "mode": "source",
                "source": false
              }
            }
          },
          {
            "id": "a6b5baf55d50eb27",
            "type": "leaf",
            "state": {
              "type": "markdown",
              "state": {
                "file": "블랙 박스.md",
                "mode": "source",
                "source": false
              }
            }
          }
        ],
        "currentTab": 14
      }
    ],
    "direction": "vertical"
  },
  "left": {
    "id": "86fee1f122d1a7aa",
    "type": "split",
    "children": [
      {
        "id": "53a654634e4e5670",
        "type": "tabs",
        "children": [
          {
            "id": "32be9d74b0597752",
            "type": "leaf",
            "state": {
              "type": "file-explorer",
              "state": {
                "sortOrder": "alphabetical"
              }
            }
          },
          {
            "id": "e48e489b1fa80730",
            "type": "leaf",
            "state": {
              "type": "search",
              "state": {
                "query": "",
                "matchingCase": false,
                "explainSearch": false,
                "collapseAll": false,
                "extraContext": false,
                "sortOrder": "alphabetical"
              }
            }
          },
          {
            "id": "4afdf3132a6b301c",
            "type": "leaf",
            "state": {
              "type": "bookmarks",
              "state": {}
            }
          }
        ]
      }
    ],
    "direction": "horizontal",
    "width": 300
  },
  "right": {
    "id": "288b737eb00493ac",
    "type": "split",
    "children": [
      {
        "id": "a0e13ec819a855af",
        "type": "tabs",
        "children": [
          {
            "id": "0a8a3cbcb51f3243",
            "type": "leaf",
            "state": {
              "type": "backlink",
              "state": {
                "file": "중첩 클래스.md",
                "collapseAll": false,
                "extraContext": false,
                "sortOrder": "alphabetical",
                "showSearch": false,
                "searchQuery": "",
                "backlinkCollapsed": false,
                "unlinkedCollapsed": true
              }
            }
          },
          {
            "id": "3d79d4287b6e37e8",
            "type": "leaf",
            "state": {
              "type": "outgoing-link",
              "state": {
                "file": "중첩 클래스.md",
                "linksCollapsed": false,
                "unlinkedCollapsed": true
              }
            }
          },
          {
            "id": "6dc7400825df971d",
            "type": "leaf",
            "state": {
              "type": "tag",
              "state": {
                "sortOrder": "frequency",
                "useHierarchy": true
              }
            }
          },
          {
            "id": "f9425bff5ddd9665",
            "type": "leaf",
            "state": {
              "type": "outline",
              "state": {
                "file": "중첩 클래스.md"
              }
            }
          }
        ]
      }
    ],
    "direction": "horizontal",
    "width": 300,
    "collapsed": true
  },
  "left-ribbon": {
    "hiddenItems": {
      "switcher:퀵 스위처 열기": false,
      "graph:그래프 뷰 열기": false,
      "canvas:새 캔버스 만들기": false,
      "daily-notes:오늘의 데일리 노트 열기": false,
      "templates:템플릿 삽입": false,
      "command-palette:명령어 팔레트 열기": false
    }
  },
  "active": "04648b917f22383e",
  "lastOpenFiles": [
    "interface와 abstraction의 차이점.md",
    "중첩 클래스.md",
    "Polymorphism.md",
    "Main memory.md",
    "Abstraction Class.md",
    "Inheriant.md",
    "상속, 다형성, 그리고 추상 클래스.md",
    "소프트웨어 생명 주기.md",
    "객체 지향 분석 및 설계.md",
    "생성자 호출.md",
    "This.md",
    "Getter & Setter.md",
    "CPU.md",
    "블랙 박스.md",
    "fetch-and-execution.md",
    "address.md",
    "The Fetch and Execute Cycle - Machine Language.md",
    "Pasted image 20231012134416.png",
    "Program.md"
  ]
}