{
  "main": {
    "id": "b47fc6737e68d53a",
    "type": "split",
    "children": [
      {
        "id": "0501a490e80cc4e3",
        "type": "tabs",
        "children": [
          {
            "id": "ba80044526daeae6",
            "type": "leaf",
            "state": {
              "type": "markdown",
              "state": {
                "file": "교착상태(Dead Lock).md",
                "mode": "source",
                "source": false
              }
            }
          },
          {
            "id": "9c839a1870e60872",
            "type": "leaf",
            "state": {
              "type": "markdown",
              "state": {
                "file": "semaphore.md",
                "mode": "source",
                "source": false
              }
            }
          },
          {
            "id": "1b0dbccbd155b807",
            "type": "leaf",
            "state": {
              "type": "markdown",
              "state": {
                "file": "임계 영역.md",
                "mode": "source",
                "source": false
              }
            }
          }
        ],
        "currentTab": 2
      }
    ],
    "direction": "vertical"
  },
  "left": {
    "id": "cedceb2993e5d943",
    "type": "split",
    "children": [
      {
        "id": "6a34f37ac69174de",
        "type": "tabs",
        "children": [
          {
            "id": "c8ff2a05faf8812b",
            "type": "leaf",
            "state": {
              "type": "file-explorer",
              "state": {
                "sortOrder": "byModifiedTime"
              }
            }
          },
          {
            "id": "334f13bfccf38dbc",
            "type": "leaf",
            "state": {
              "type": "search",
              "state": {
                "query": "",
                "matchingCase": false,
                "explainSearch": false,
                "collapseAll": false,
                "extraContext": false,
                "sortOrder": "alphabetical"
              }
            }
          },
          {
            "id": "405abeec191bac39",
            "type": "leaf",
            "state": {
              "type": "bookmarks",
              "state": {}
            }
          }
        ]
      }
    ],
    "direction": "horizontal",
    "width": 200
  },
  "right": {
    "id": "9c33e8abf0f055e3",
    "type": "split",
    "children": [
      {
        "id": "4d55b96729e7f28e",
        "type": "tabs",
        "children": [
          {
            "id": "bfe5d86b8978ab13",
            "type": "leaf",
            "state": {
              "type": "backlink",
              "state": {
                "file": "임계 영역.md",
                "collapseAll": false,
                "extraContext": false,
                "sortOrder": "alphabetical",
                "showSearch": false,
                "searchQuery": "",
                "backlinkCollapsed": false,
                "unlinkedCollapsed": true
              }
            }
          },
          {
            "id": "c0be5d74d0c1daeb",
            "type": "leaf",
            "state": {
              "type": "outgoing-link",
              "state": {
                "file": "임계 영역.md",
                "linksCollapsed": false,
                "unlinkedCollapsed": true
              }
            }
          },
          {
            "id": "d2579f4a2a5e0da2",
            "type": "leaf",
            "state": {
              "type": "tag",
              "state": {
                "sortOrder": "frequency",
                "useHierarchy": true
              }
            }
          },
          {
            "id": "aa3215b749772048",
            "type": "leaf",
            "state": {
              "type": "outline",
              "state": {
                "file": "임계 영역.md"
              }
            }
          }
        ]
      }
    ],
    "direction": "horizontal",
    "width": 300,
    "collapsed": true
  },
  "left-ribbon": {
    "hiddenItems": {
      "switcher:퀵 스위처 열기": false,
      "graph:그래프 뷰 열기": false,
      "canvas:새 캔버스 만들기": false,
      "daily-notes:오늘의 데일리 노트 열기": false,
      "templates:템플릿 삽입": false,
      "command-palette:명령어 팔레트 열기": false
    }
  },
  "active": "1b0dbccbd155b807",
  "lastOpenFiles": [
    "교착상태(Dead Lock).md",
    "wait().md",
    "notify().md",
    "스레드의 동기화 (synchronization).md",
    "Interrupt().md",
    "Daemon thread.md",
    "Thread Pool.md",
    "Thread.md",
    "semaphore.md",
    "임계 영역.md",
    "join().md",
    "Sleep().md",
    "Process.md",
    "Storage.md",
    "Thread의 실행제어.md",
    "Thread의 상태.md",
    "yield().md",
    "Suspend().md",
    "Thread 구현과 실행.md",
    "thread_class_extention_Quiz.md",
    "image/스크린샷 2023-10-17 오후 5.37.13.png",
    "Thread 그룹.md",
    "Thread의 우선순위(priority of thread).md",
    "블락킹(Blocking).md",
    "main Thread.md",
    "image/스크린샷 2023-10-17 오후 2.28.27.png",
    "image/스크린샷 2023-10-17 오전 9.23.57.png",
    "스케줄링.md",
    "image",
    "image/스크린샷 2023-10-17 오전 9.25.11.png"
  ]
}