{
  "main": {
    "id": "d2c1ad4438db8da7",
    "type": "split",
    "children": [
      {
        "id": "ba3885dfb9d5bb60",
        "type": "tabs",
        "children": [
          {
            "id": "4c1d4c8cb921e5c2",
            "type": "leaf",
            "state": {
              "type": "empty",
              "state": {}
            }
          },
          {
            "id": "d5d076dcef950deb",
            "type": "leaf",
            "state": {
              "type": "markdown",
              "state": {
                "file": "XSS.md",
                "mode": "source",
                "source": false
              }
            }
          },
          {
            "id": "a1e9f0743a90494c",
            "type": "leaf",
            "state": {
              "type": "markdown",
              "state": {
                "file": "지원 동기.md",
                "mode": "source",
                "source": false
              }
            }
          },
          {
            "id": "ea5f59fc379ccc8c",
            "type": "leaf",
            "state": {
              "type": "markdown",
              "state": {
                "file": "무제 파일.md",
                "mode": "source",
                "source": false
              }
            }
          },
          {
            "id": "d1a71bec8a758100",
            "type": "leaf",
            "state": {
              "type": "markdown",
              "state": {
                "file": "자소서.md",
                "mode": "source",
                "source": false
              }
            }
          },
          {
            "id": "6149ed4698ba3d36",
            "type": "leaf",
            "state": {
              "type": "markdown",
              "state": {
                "file": "자소서.md",
                "mode": "source",
                "source": false
              }
            }
          }
        ],
        "currentTab": 5
      }
    ],
    "direction": "vertical"
  },
  "left": {
    "id": "94b0c7f80eb8c9b6",
    "type": "split",
    "children": [
      {
        "id": "48d05e65ff083154",
        "type": "tabs",
        "children": [
          {
            "id": "45bdc9ad28392557",
            "type": "leaf",
            "state": {
              "type": "file-explorer",
              "state": {
                "sortOrder": "alphabetical"
              }
            }
          },
          {
            "id": "2168b7b92a232211",
            "type": "leaf",
            "state": {
              "type": "search",
              "state": {
                "query": "",
                "matchingCase": false,
                "explainSearch": false,
                "collapseAll": false,
                "extraContext": false,
                "sortOrder": "alphabetical"
              }
            }
          },
          {
            "id": "5157a2418ae7b4d5",
            "type": "leaf",
            "state": {
              "type": "bookmarks",
              "state": {}
            }
          }
        ]
      }
    ],
    "direction": "horizontal",
    "width": 200
  },
  "right": {
    "id": "330e047d779eac9b",
    "type": "split",
    "children": [
      {
        "id": "7c1b46bdb3e4c572",
        "type": "tabs",
        "children": [
          {
            "id": "7f045ffe264beee2",
            "type": "leaf",
            "state": {
              "type": "backlink",
              "state": {
                "file": "자소서.md",
                "collapseAll": false,
                "extraContext": false,
                "sortOrder": "alphabetical",
                "showSearch": false,
                "searchQuery": "",
                "backlinkCollapsed": false,
                "unlinkedCollapsed": true
              }
            }
          },
          {
            "id": "9cce90fc137762f3",
            "type": "leaf",
            "state": {
              "type": "outgoing-link",
              "state": {
                "file": "자소서.md",
                "linksCollapsed": false,
                "unlinkedCollapsed": true
              }
            }
          },
          {
            "id": "55a35ddcb917decd",
            "type": "leaf",
            "state": {
              "type": "tag",
              "state": {
                "sortOrder": "frequency",
                "useHierarchy": true
              }
            }
          },
          {
            "id": "225c7dfb42afbf49",
            "type": "leaf",
            "state": {
              "type": "outline",
              "state": {
                "file": "자소서.md"
              }
            }
          }
        ]
      }
    ],
    "direction": "horizontal",
    "width": 300,
    "collapsed": true
  },
  "left-ribbon": {
    "hiddenItems": {
      "switcher:퀵 스위처 열기": false,
      "graph:그래프 뷰 열기": false,
      "canvas:새 캔버스 만들기": false,
      "daily-notes:오늘의 데일리 노트 열기": false,
      "templates:템플릿 삽입": false,
      "command-palette:명령어 팔레트 열기": false
    }
  },
  "active": "6149ed4698ba3d36",
  "lastOpenFiles": [
    "지원 동기.md",
    "포트폴리오.md",
    "자소서.md",
    "XSS.md",
    "무제 파일.md"
  ]
}