{
  "main": {
    "id": "2ff652241b48ed68",
    "type": "split",
    "children": [
      {
        "id": "211b97479ecb3541",
        "type": "tabs",
        "children": [
          {
            "id": "779fa055531bcf1a",
            "type": "leaf",
            "state": {
              "type": "empty",
              "state": {}
            }
          },
          {
            "id": "90be63652fa4aaf6",
            "type": "leaf",
            "state": {
              "type": "markdown",
              "state": {
                "file": "데이터베이스 보안.md",
                "mode": "source",
                "source": false
              }
            }
          }
        ],
        "currentTab": 1
      }
    ],
    "direction": "vertical"
  },
  "left": {
    "id": "57a0331ab74a5012",
    "type": "split",
    "children": [
      {
        "id": "b063fd3dddfe329c",
        "type": "tabs",
        "children": [
          {
            "id": "aa249f56c0d862b4",
            "type": "leaf",
            "state": {
              "type": "file-explorer",
              "state": {
                "sortOrder": "byCreatedTimeReverse"
              }
            }
          },
          {
            "id": "ce73921340c488c8",
            "type": "leaf",
            "state": {
              "type": "search",
              "state": {
                "query": "",
                "matchingCase": false,
                "explainSearch": false,
                "collapseAll": false,
                "extraContext": false,
                "sortOrder": "alphabetical"
              }
            }
          },
          {
            "id": "add5a2126442c93f",
            "type": "leaf",
            "state": {
              "type": "bookmarks",
              "state": {}
            }
          }
        ]
      }
    ],
    "direction": "horizontal",
    "width": 300
  },
  "right": {
    "id": "efdc7b605e1b25cc",
    "type": "split",
    "children": [
      {
        "id": "0777a3914bd2c675",
        "type": "tabs",
        "children": [
          {
            "id": "32e7fd03cfbedca9",
            "type": "leaf",
            "state": {
              "type": "backlink",
              "state": {
                "file": "데이터베이스 보안.md",
                "collapseAll": false,
                "extraContext": false,
                "sortOrder": "alphabetical",
                "showSearch": false,
                "searchQuery": "",
                "backlinkCollapsed": false,
                "unlinkedCollapsed": true
              }
            }
          },
          {
            "id": "cbc2157955889aaf",
            "type": "leaf",
            "state": {
              "type": "outgoing-link",
              "state": {
                "file": "데이터베이스 보안.md",
                "linksCollapsed": false,
                "unlinkedCollapsed": true
              }
            }
          },
          {
            "id": "3abed6e929b82442",
            "type": "leaf",
            "state": {
              "type": "tag",
              "state": {
                "sortOrder": "frequency",
                "useHierarchy": true
              }
            }
          },
          {
            "id": "9eea827c5dc3e3fc",
            "type": "leaf",
            "state": {
              "type": "outline",
              "state": {
                "file": "데이터베이스 보안.md"
              }
            }
          }
        ]
      }
    ],
    "direction": "horizontal",
    "width": 300,
    "collapsed": true
  },
  "left-ribbon": {
    "hiddenItems": {
      "switcher:퀵 스위처 열기": false,
      "graph:그래프 뷰 열기": false,
      "canvas:새 캔버스 만들기": false,
      "daily-notes:오늘의 데일리 노트 열기": false,
      "templates:템플릿 삽입": false,
      "command-palette:명령어 팔레트 열기": false
    }
  },
  "active": "90be63652fa4aaf6",
  "lastOpenFiles": [
    "데이터베이스 보안.md",
    "DataBase/6과정",
    "DataBase/데이터베이스 시스템 개요.md",
    "DataBase/정보시스템.md",
    "DataBase/정보(information).md",
    "DataBase/데이터.md",
    "DataBase/데이터베이스.md",
    "DataBase/통합된 데이터(Integrated Data).md",
    "DataBase/공용 데이터(Shared Data).md",
    "DataBase/운영 데이터(Operational Data).md",
    "DataBase/저장된 데이터(Stored Data).md",
    "DataBase/데이터 모델.md",
    "DataBase/데이터 독립성(data Independency).md",
    "DataBase/관계(Relation).md",
    "DataBase/개체(Entity).md",
    "DataBase",
    "DataBase/스키마(Scheme).md",
    "DataBase/DBMS.md",
    "DataBase/속성(attribute).md"
  ]
}