{
  "main": {
    "id": "f94ba3999ca63d4e",
    "type": "split",
    "children": [
      {
        "id": "e532e1994c4cff07",
        "type": "tabs",
        "children": [
          {
            "id": "b3ad699895f3ef34",
            "type": "leaf",
            "state": {
              "type": "markdown",
              "state": {
                "file": "추상화(abstraction).md",
                "mode": "source",
                "source": false
              }
            }
          }
        ]
      }
    ],
    "direction": "vertical"
  },
  "left": {
    "id": "ce466dff5440c6e3",
    "type": "split",
    "children": [
      {
        "id": "f21411d744ca41bc",
        "type": "tabs",
        "children": [
          {
            "id": "8cce5751aa9f5f94",
            "type": "leaf",
            "state": {
              "type": "file-explorer",
              "state": {
                "sortOrder": "alphabetical"
              }
            }
          },
          {
            "id": "112cf7361f1cbd51",
            "type": "leaf",
            "state": {
              "type": "search",
              "state": {
                "query": "",
                "matchingCase": false,
                "explainSearch": false,
                "collapseAll": false,
                "extraContext": false,
                "sortOrder": "alphabetical"
              }
            }
          },
          {
            "id": "e22dde975c7e2c19",
            "type": "leaf",
            "state": {
              "type": "bookmarks",
              "state": {}
            }
          }
        ]
      }
    ],
    "direction": "horizontal",
    "width": 300
  },
  "right": {
    "id": "f91968b220d456d0",
    "type": "split",
    "children": [
      {
        "id": "1076ff145d0196e3",
        "type": "tabs",
        "children": [
          {
            "id": "731802ff95cced27",
            "type": "leaf",
            "state": {
              "type": "backlink",
              "state": {
                "file": "추상화(abstraction).md",
                "collapseAll": false,
                "extraContext": false,
                "sortOrder": "alphabetical",
                "showSearch": false,
                "searchQuery": "",
                "backlinkCollapsed": false,
                "unlinkedCollapsed": true
              }
            }
          },
          {
            "id": "83f6208b50d8dce3",
            "type": "leaf",
            "state": {
              "type": "outgoing-link",
              "state": {
                "file": "추상화(abstraction).md",
                "linksCollapsed": false,
                "unlinkedCollapsed": true
              }
            }
          },
          {
            "id": "3ea04476f828c750",
            "type": "leaf",
            "state": {
              "type": "tag",
              "state": {
                "sortOrder": "frequency",
                "useHierarchy": true
              }
            }
          },
          {
            "id": "c63932449fbe4e3d",
            "type": "leaf",
            "state": {
              "type": "outline",
              "state": {
                "file": "추상화(abstraction).md"
              }
            }
          }
        ]
      }
    ],
    "direction": "horizontal",
    "width": 300,
    "collapsed": true
  },
  "left-ribbon": {
    "hiddenItems": {
      "switcher:퀵 스위처 열기": false,
      "graph:그래프 뷰 열기": false,
      "canvas:새 캔버스 만들기": false,
      "daily-notes:오늘의 데일리 노트 열기": false,
      "templates:템플릿 삽입": false,
      "command-palette:명령어 팔레트 열기": false
    }
  },
  "active": "b3ad699895f3ef34",
  "lastOpenFiles": [
    "3장/3장. Definition of methods and classes.md",
    "추상화(abstraction).md",
    "2장/Parameter.md",
    "2장/StringBuffer().md",
    "2장/2. Use of objects and variables.md",
    "3장",
    "2장/무제 파일.md",
    "2장/무제 파일.canvas",
    "2장/signature.md",
    "2장",
    "2장/Variable.md",
    "2장/Overloading.md",
    "2장/Object(객체).md",
    "2장/Entity.md",
    "2장/Instance.md",
    "2장/Class.md",
    "2장/프로그램 실행 및 구성요소/Runtime Data Area.md",
    "2장/프로그램 실행 및 구성요소/Java Virtual Machine.md",
    "2장/프로그램 실행 및 구성요소/javac.md",
    "2장/프로그램 실행 및 구성요소/Libraries.md",
    "2장/프로그램 실행 및 구성요소/Execution Engine.md",
    "2장/프로그램 실행 및 구성요소/jar.md",
    "2장/프로그램 실행 및 구성요소/Class Loader.md",
    "2장/프로그램 실행 및 구성요소",
    "2장/프로그램 실행 및 구성요소/Heap 영역.md",
    "2장/프로그램 실행 및 구성요소/Old 영역.md",
    "2장/프로그램 실행 및 구성요소/New, Young 영역.md",
    "2장/프로그램 실행 및 구성요소/JVM Stack 영역.md",
    "2장/프로그램 실행 및 구성요소/Method Area.md",
    "New/Young 영역.md",
    "New"
  ]
}